,Year,Company,Car_Name,Model,Gear,Fuel,Ownership,Age,Kms,EMI,Down_Payment,Selling_Price,City,Duration_EMI
0,2020,Maruti,Maruti Vitara,VXI,Manual,Petrol,1,3,90286,12349,162200,811000,Hyderabad,52.53866709855049
1,2021,Maruti,Maruti Dzire,VXI,Manual,Petrol,1,2,58886,10448,133600,668000,Hyderabad,51.14854517611026
2,2016,Hyundai,Hyundai Xcent,S 1.2,Manual,Petrol,1,7,21544,7945,101600,508000,Hyderabad,51.15166771554437
3,2021,Tata,Tata Tiago,XT PETROL,Manual,Petrol,2,2,50878,9509,121600,608000,Hyderabad,51.15154064570407
4,2018,Hyundai,Hyundai Elite,ASTA 1.2,Manual,Petrol,1,5,50855,10213,130600,653000,Hyderabad,51.15049446783511
5,2018,Volkswagen,Volkswagen Polo,COMFORTLINE 1.0L MPI,Manual,Petrol,1,5,101739,7789,99600,498000,Hyderabad,51.1490563615355
6,2016,Renault,Renault Kwid,RXT 0.8 (O),Manual,Petrol,2,7,42203,4426,56600,283000,Hyderabad,51.15228197017623
7,2016,Maruti,Maruti Alto,VXI,Manual,Petrol,1,7,89128,5130,65600,328000,Hyderabad,51.15009746588694
8,2016,Maruti,Maruti Alto,LXI,Manual,Petrol,2,7,60610,3566,45600,228000,Hyderabad,51.14974761637689
9,2017,Datsun,Datsun Go,T,Manual,Petrol,1,6,72762,4145,53000,265000,Hyderabad,51.145958986731
10,2020,Renault,Renault TRIBER,RXE MT,Manual,Petrol,1,3,41526,8258,105600,528000,Hyderabad,51.150399612496976
11,2021,Nissan,Nissan MAGNITE,XV PREMIUM TURBO (O) CVT,Automatic,Petrol,1,2,49655,13354,175400,877000,Hyderabad,52.53856522390295
12,2021,Tata,Tata NEXON,XZA PLUS PETROL,Automatic,Petrol,1,2,10453,15836,208000,1040000,Hyderabad,52.53851982823945
13,2013,Hyundai,Hyundai i20,ASTA 1.2,Manual,Petrol,2,10,74880,5818,74400,372000,Hyderabad,51.15159848745273
14,2020,Maruti,Maruti Dzire,VXI,Manual,Petrol,1,3,64023,10635,136000,680000,Hyderabad,51.151857075693464
15,2018,Ford,Ford Ecosport,TITANIUM 1.5L PETROL,Manual,Petrol,2,5,27958,12486,164000,820000,Hyderabad,52.53884350472529
16,2019,Maruti,Maruti Ciaz,ALPHA  AT 1.5 SHVS PETROL,Automatic,Petrol,1,4,57734,13156,172800,864000,Hyderabad,52.53876558224384
17,2017,Hyundai,Hyundai Elite,SPORTZ 1.2,Manual,Petrol,1,6,33520,10495,134200,671000,Hyderabad,51.148165793234874
18,2018,Hyundai,Hyundai Grand,SPORTZ AT 1.2 KAPPA VTVT,Automatic,Petrol,1,5,24914,9947,127200,636000,Hyderabad,51.15110083442244
19,2022,Maruti,Maruti Baleno,ZETA PETROL 1.2,Manual,Petrol,1,1,32232,12074,154400,772000,Hyderabad,51.15123405665065
20,2018,Mahindra,Mahindra XUV500,W4,Manual,Diesel,1,5,110140,12418,158800,794000,Hyderabad,51.15155419552263
21,2014,Volkswagen,Volkswagen Cross,HIGHLINE TDI,Manual,Diesel,2,9,93510,6569,84000,420000,Hyderabad,51.14933779875171
22,2013,Maruti,Maruti Ertiga,VDI,Manual,Diesel,2,10,113110,8790,112400,562000,Hyderabad,51.1490329920364
23,2014,Maruti,Maruti Swift,VDI,Manual,Diesel,1,9,73626,7194,92000,460000,Hyderabad,51.15373922713372
24,2018,Toyota,Toyota Innova,2.4 ZX 7 STR,Manual,Diesel,2,5,93765,32739,430000,2150000,Hyderabad,52.5367298940102
25,2017,Maruti,Maruti Dzire,VDI,Manual,Diesel,1,6,98130,9994,127800,639000,Hyderabad,51.15069041424855
26,2015,Nissan,Nissan Terrano,XL D PLUS,Manual,Diesel,1,8,115693,8493,108600,543000,Hyderabad,51.14800423878488
27,2020,Mahindra,Mahindra Thar,LX D AT 4WD HT,Automatic,Diesel,1,3,63050,22795,299400,1497000,Hyderabad,52.53783724500987
28,2017,Hyundai,Hyundai Verna,1.6 EX CRDI,Manual,Diesel,1,6,93175,11824,151200,756000,Hyderabad,51.15020297699594
29,2015,Hyundai,Hyundai Elite,ASTA 1.4 CRDI,Manual,Diesel,2,8,114676,8931,114200,571000,Hyderabad,51.147687828910534
30,2016,Maruti,Maruti Swift,ZDI AMT,Automatic,Diesel,1,7,85948,9353,119600,598000,Hyderabad,51.14936384047899
31,2013,Maruti,Maruti Swift,VDI,Manual,Diesel,2,10,97085,6228,79640,398200,Hyderabad,51.149646756583174
32,2016,Hyundai,Hyundai Verna,1.6 CRDI SX,Manual,Diesel,2,7,66552,10932,139800,699000,Hyderabad,51.15257958287596
33,2018,Mahindra,Mahindra Thar,CRDE 4X4 AC,Manual,Diesel,2,5,90305,10510,134400,672000,Hyderabad,51.15128449096099
34,2018,Mahindra,Mahindra XUV500,W10 1.99,Manual,Diesel,1,5,124586,18120,238000,1190000,Hyderabad,52.53863134657836
35,2013,Hyundai,Hyundai Grand,SPORTZ 1.1 CRDI,Manual,Diesel,2,10,85152,5849,74800,374000,Hyderabad,51.15404342622671
36,2018,Mahindra,Mahindra Scorpio,S5,Manual,Diesel,1,5,85258,14923,196000,980000,Hyderabad,52.53635328017155
37,2018,Maruti,Maruti Baleno,SIGMA DIESEL 1.3,Manual,Diesel,2,5,98059,8352,106800,534000,Hyderabad,51.14942528735632
38,2019,Honda,Honda Civic,1.6L I-DTEC VX MT,Manual,Diesel,1,4,48114,23176,304400,1522000,Hyderabad,52.53710735243355
39,2015,Maruti,Maruti Swift,LDI,Manual,Diesel,2,8,79359,6459,82600,413000,Hyderabad,51.15342932342468
40,2012,Maruti,Maruti Wagon,LXI CNG,Manual,CNG,3,11,91395,4254,54400,272000,Hyderabad,51.151857075693464
41,2012,Maruti,Maruti Alto,LXI CNG,Manual,CNG,1,11,82618,3816,48800,244000,Hyderabad,51.15303983228512
42,2020,Maruti,Maruti New,LXI CNG (O) 1.0,Manual,CNG,1,3,66284,9478,121200,606000,Hyderabad,51.15003165224731
43,2018,Hyundai,Hyundai NEW,MAGNA CNG,Manual,CNG,1,5,38625,8195,104800,524000,Hyderabad,51.153142159853566
44,2020,Maruti,Maruti Vitara,VXI,Manual,Petrol,1,3,90286,12349,162200,811000,Hyderabad,52.53866709855049
45,2021,Maruti,Maruti Dzire,VXI,Manual,Petrol,1,2,58886,10448,133600,668000,Hyderabad,51.14854517611026
46,2016,Hyundai,Hyundai Xcent,S 1.2,Manual,Petrol,1,7,21544,7945,101600,508000,Hyderabad,51.15166771554437
47,2021,Tata,Tata Tiago,XT PETROL,Manual,Petrol,2,2,50878,9509,121600,608000,Hyderabad,51.15154064570407
48,2018,Hyundai,Hyundai Elite,ASTA 1.2,Manual,Petrol,1,5,50855,10213,130600,653000,Hyderabad,51.15049446783511
49,2011,Hyundai,Hyundai Verna,FLUIDIC 1.6 VTVT SX,Manual,Petrol,1,12,77282,6678,85400,427000,Bangaluru,51.15303983228512
50,2016,Datsun,Datsun Go,T,Manual,Petrol,1,7,40350,4864,62200,311000,Bangaluru,51.151315789473685
51,2010,Hyundai,Hyundai i10,MAGNA 1.2,Manual,Petrol,2,13,116372,3847,49200,246000,Bangaluru,51.156745515986486
52,2012,Hyundai,Hyundai i10,SPORTZ 1.2,Manual,Petrol,1,11,50312,5396,69000,345000,Bangaluru,51.148999258710155
53,2016,Hyundai,Hyundai Creta,SX PLUS 1.6 PETROL,Manual,Petrol,2,7,81853,13156,172800,864000,Bangaluru,52.53876558224384
54,2016,Hyundai,Hyundai Creta,E PLUS 1.6 PETROL,Manual,Petrol,2,7,46063,12913,169600,848000,Bangaluru,52.53620382560211
55,2016,Tata,Tata Tiago,XZ PETROL,Manual,Petrol,2,7,64942,7069,90400,452000,Bangaluru,51.152921205262416
56,2021,Renault,Renault Duster,RXZ 1.5 PETROL MT,Manual,Petrol,1,2,37936,15364,201800,1009000,Bangaluru,52.53840145795366
57,2016,Maruti,Maruti Swift,VXI (O),Manual,Petrol,1,7,41813,9415,120400,602000,Bangaluru,51.152416356877325
58,2020,Honda,Honda City,1.5L I-VTEC ZX,Manual,Petrol,2,3,34156,17922,235400,1177000,Bangaluru,52.53877915411226
59,2015,Ford,Ford Ecosport,TREND 1.5L PETROL,Manual,Petrol,1,8,70501,8367,107000,535000,Bangaluru,51.153340504362376
60,2012,Honda,Honda Brio,S(O) MT,Manual,Petrol,1,11,65755,5005,64000,320000,Bangaluru,51.14885114885115
61,2021,Maruti,Maruti IGNIS,SIGMA 1.2,Manual,Petrol,1,2,13975,8868,113400,567000,Bangaluru,51.15020297699594
62,2021,Renault,Renault Kwid,RXT 1.0 AMT (O),Automatic,Petrol,1,2,5567,9243,118200,591000,Bangaluru,51.15222330412204
63,2017,Maruti,Maruti Baleno,DELTA PETROL 1.2,Manual,Petrol,1,6,84684,7734,98900,494500,Bangaluru,51.15076286527024
64,2019,Hyundai,Hyundai VENUE,SX PLUS 1.0 TURBO DCT,Automatic,Petrol,1,4,27530,15319,201200,1006000,Bangaluru,52.53606632286703
65,2015,Hyundai,Hyundai Verna,FLUIDIC 4S 1.6 VTVT S(O),Manual,Petrol,2,8,95193,8852,113200,566000,Bangaluru,51.15228197017623
66,2016,Renault,Renault Kwid,RXL,Manual,Petrol,2,7,52479,4629,59200,296000,Bangaluru,51.155757182976885
67,2020,KIA,KIA SELTOS,HTK PLUS 1.5,Manual,Petrol,1,3,533416,17344,227800,1139000,Bangaluru,52.53690036900369
68,2020,Skoda,Skoda Rapid,ACTIVE 1.0 TSI,Manual,Petrol,1,3,29632,11980,153200,766000,Bangaluru,51.151919866444075
69,2011,Hyundai,Hyundai Verna,FLUIDIC 1.6 CRDI EX,Manual,Diesel,2,12,83963,5834,74600,373000,Bangaluru,51.14844017826534
70,2016,Mahindra,Mahindra XUV500,W10,Manual,Diesel,1,7,33798,19613,257600,1288000,Bangaluru,52.5365828787029
71,2013,Maruti,Maruti Ertiga,ZDI,Manual,Diesel,1,10,143856,9775,125000,625000,Bangaluru,51.150895140664964
72,2013,Honda,Honda Amaze,1.5L I-DTEC S,Manual,Diesel,2,10,62025,5740,73400,367000,Bangaluru,51.149825783972126
73,2014,Maruti,Maruti Swift,VDI,Manual,Diesel,2,9,102174,7288,93200,466000,Bangaluru,51.15257958287596
74,2014,Maruti,Maruti Ertiga,ZDI,Manual,Diesel,2,9,83007,12246,156600,783000,Bangaluru,51.15139637432631
75,2018,Honda,Honda WR,1.5L I-DTEC VX MT,Manual,Diesel,1,5,48595,11730,150000,750000,Bangaluru,51.150895140664964
76,2015,Skoda,Skoda Rapid,1.5 TDI CR ELEGANCE AT,Automatic,Diesel,1,8,107391,7726,98800,494000,Bangaluru,51.15195443955475
77,2021,Tata,Tata Safari,XZA,Automatic,Diesel,1,2,9339,30043,394600,1973000,Bangaluru,52.53802882535033
78,2014,Honda,Honda City,1.5L I-DTEC SV,Manual,Diesel,2,9,94378,7992,102200,511000,Bangaluru,51.151151151151154
79,2014,Maruti,Maruti Swift,VDI,Manual,Diesel,3,9,77227,6944,88800,444000,Bangaluru,51.1520737327189
80,2012,Hyundai,Hyundai i20,MAGNA (O) 1.4 CRDI,Manual,Diesel,2,11,64958,5427,69400,347000,Bangaluru,51.15164916159941
81,2014,Mahindra,Mahindra XUV500,W6,Manual,Diesel,2,9,87667,13111,172200,861000,Bangaluru,52.53603844100374
82,2017,Hyundai,Hyundai Elite,ASTA 1.4 CRDI,Manual,Diesel,2,6,91239,9212,117800,589000,Bangaluru,51.150673035171515
83,2014,Honda,Honda City,1.5L I-DTEC SV,Manual,Diesel,2,9,121990,7335,93800,469000,Bangaluru,51.152010906612134
84,2014,Mahindra,Mahindra XUV500,W8,Manual,Diesel,3,9,96037,11761,150400,752000,Bangaluru,51.1521129155684
85,2012,Skoda,Skoda Rapid,ELEGANCE 1.6 TDI MT,Manual,Diesel,1,11,82230,6553,83800,419000,Bangaluru,51.15214405615748
86,2018,Ford,Ford Ecosport,TITANIUM 1.5L DIESEL,Manual,Diesel,2,5,36248,12288,161400,807000,Bangaluru,52.5390625
87,2018,Maruti,Maruti Baleno,SIGMA DIESEL 1.3,Manual,Diesel,1,5,78631,9165,117200,586000,Bangaluru,51.15111838516094
88,2012,Hyundai,Hyundai Verna,FLUIDIC 1.6 CRDI SX OPT,Manual,Diesel,2,11,89007,7069,90400,452000,Bangaluru,51.152921205262416
89,2016,Renault,Renault Duster,RXL PETROL,Manual,CNG,1,7,28347,11668,149200,746000,Bangaluru,51.14844017826534
90,2017,Honda,Honda WR,1.2L I-VTEC VX MT,Manual,CNG,2,6,65558,10854,138800,694000,Bangaluru,51.15164916159941
91,2022,Maruti,Maruti New,LXI CNG (O) 1.0,Manual,CNG,1,1,72759,9759,124800,624000,Bangaluru,51.152782047340914
92,2022,Maruti,Maruti New,VXI CNG 1.0,Manual,CNG,1,1,3462,10807,138200,691000,Bangaluru,51.15203109095956
93,2011,Hyundai,Hyundai Verna,FLUIDIC 1.6 VTVT SX,Manual,Petrol,1,12,77282,6678,85400,427000,Bangaluru,51.15303983228512
94,2016,Datsun,Datsun Go,T,Manual,Petrol,1,7,40350,4864,62200,311000,Bangaluru,51.151315789473685
95,2010,Hyundai,Hyundai i10,MAGNA 1.2,Manual,Petrol,2,13,116372,3847,49200,246000,Bangaluru,51.156745515986486
96,2012,Hyundai,Hyundai i10,SPORTZ 1.2,Manual,Petrol,1,11,50312,5396,69000,345000,Bangaluru,51.148999258710155
97,2016,Hyundai,Hyundai Creta,SX PLUS 1.6 PETROL,Manual,Petrol,2,7,81853,13156,172800,864000,Bangaluru,52.53876558224384
98,2014,Honda,Honda City,1.5L I-VTEC VX CVT,Automatic,Petrol,2,9,97088,9415,120400,602000,Chennai,51.152416356877325
99,2012,Toyota,Toyota Etios,G,Manual,Petrol,2,11,121795,4629,59200,296000,Chennai,51.155757182976885
100,2022,Tata,Tata NEXON,XM SUNROOF PETROL,Manual,Petrol,1,1,43474,13552,178000,890000,Chennai,52.5383707201889
101,2019,Maruti,Maruti New,VXI 1.2,Manual,Petrol,1,4,47181,8555,109400,547000,Chennai,51.15137346580947
102,2014,Maruti,Maruti Swift,VXI,Manual,Petrol,1,9,62373,7476,95600,478000,Chennai,51.150347779561265
103,2021,Maruti,Maruti Swift,ZXI PLUS AMT DUAL TONE,Automatic,Petrol,1,2,72004,13080,171800,859000,Chennai,52.53822629969419
104,2018,Maruti,Maruti Swift,ZXI,Manual,Petrol,1,5,39265,9931,127000,635000,Chennai,51.15295539220622
105,2016,Maruti,Maruti Swift,VXI,Manual,Petrol,3,7,67065,8383,107200,536000,Chennai,51.151139210306575
106,2018,Maruti,Maruti Alto,LXI,Manual,Petrol,2,5,30620,5224,66800,334000,Chennai,51.14854517611026
107,2019,Skoda,Skoda Rapid,AMBITION 1.6 MPI MT,Manual,Petrol,1,4,76795,12578,165200,826000,Chennai,52.536174272539355
108,2018,Renault,Renault Kwid,RXT 1.0 AMT (O),Automatic,Petrol,3,5,22293,6475,82800,414000,Chennai,51.15057915057915
109,2016,Honda,Honda Amaze,1.2L I-VTEC SX,Manual,Petrol,1,7,32286,8837,113000,565000,Chennai,51.14857983478556
110,2018,Maruti,Maruti IGNIS,ZETA 1.2 AMT,Automatic,Petrol,1,5,32868,9290,118800,594000,Chennai,51.15177610333692
111,2012,Hyundai,Hyundai i20,ASTA 1.2,Manual,Petrol,1,11,87640,5881,75200,376000,Chennai,51.147763985716715
112,2013,Maruti,Maruti Swift,VXI,Manual,Petrol,3,10,88192,5630,72000,360000,Chennai,51.15452930728242
113,2016,Renault,Renault Kwid,RXT 0.8,Manual,Petrol,2,7,72742,4911,62800,314000,Chennai,51.15047851761352
114,2018,Tata,Tata NEXON,XM PETROL,Manual,Petrol,1,5,10048,11120,142200,711000,Chennai,51.15107913669065
115,2023,Tata,Tata ALTROZ,XE PLUS PETROL,Manual,Petrol,1,0,3655,10714,137000,685000,Chennai,51.14803061414971
116,2019,Maruti,Maruti Alto,VXI,Manual,Petrol,1,4,18779,6162,78800,394000,Chennai,51.15222330412204
117,2021,Maruti,Maruti Swift,VXI,Manual,Petrol,1,2,12511,11746,150200,751000,Chennai,51.149327430614676
118,2011,Hyundai,Hyundai Verna,FLUIDIC 1.6 CRDI EX,Manual,Diesel,3,12,117255,5365,68600,343000,Chennai,51.14631873252563
119,2017,Mahindra,Mahindra TUV300,T4 PLUS,Manual,Diesel,1,6,94376,9087,116200,581000,Chennai,51.14999449763398
120,2018,Hyundai,Hyundai Creta,SX AT 1.6 DIESEL,Automatic,Diesel,1,5,94599,16689,219200,1096000,Chennai,52.53759961651387
121,2018,Hyundai,Hyundai Creta,E PLUS 1.4 DIESEL,Manual,Diesel,2,5,105635,12958,170200,851000,Chennai,52.53897206359006
122,2017,Hyundai,Hyundai Verna,1.6 CRDI SX,Manual,Diesel,1,6,82176,12538,164680,823400,Chennai,52.53788483011645
123,2021,Mahindra,Mahindra Bolero,B6 (O),Manual,Diesel,1,2,79998,15380,202000,1010000,Chennai,52.53576072821846
124,2016,Mahindra,Mahindra XUV500,W10,Manual,Diesel,2,7,76295,16095,211400,1057000,Chennai,52.538055296675985
125,2016,Maruti,Maruti Swift,ZDI AMT,Automatic,Diesel,1,7,29238,10197,130400,652000,Chennai,51.152299695989015
126,2017,Jeep,Jeep Compass,LONGITUDE 2.0 DIESEL,Manual,Diesel,2,6,49569,17024,223600,1118000,Chennai,52.537593984962406
127,2018,Maruti,Maruti Vitara,ZDI PLUS,Manual,Diesel,2,5,95697,12403,158600,793000,Chennai,51.148915584939125
128,2021,KIA,KIA SONET,GTX PLUS 1.5 AT,Automatic,Diesel,1,2,75606,18242,239600,1198000,Chennai,52.538098892665275
129,2012,Maruti,Maruti Swift,VDI,Manual,Diesel,3,11,88079,6225,79600,398000,Chennai,51.14859437751004
130,2018,Skoda,Skoda Rapid,STYLE 1.5 TDI AT,Automatic,Diesel,1,5,74439,14405,189200,946000,Chennai,52.53731343283582
131,2019,Tata,Tata Harrier,XZ 2.0L,Manual,Diesel,1,4,34965,22095,290200,1451000,Chennai,52.5367730255714
132,2020,Hyundai,Hyundai Creta,SX (O) 1.5 DIESEL,Manual,Diesel,1,3,58739,22217,291800,1459000,Chennai,52.53634604131971
133,2012,Maruti,Maruti Swift,VDI,Manual,Diesel,1,11,87717,6366,81400,407000,Chennai,51.14671693371034
134,2020,Jeep,Jeep Compass,LIMITED PLUS DIESEL,Manual,Diesel,1,3,22992,28110,369200,1846000,Chennai,52.53646389185343
135,2017,Ford,Ford Ecosport,TITANIUM 1.5L DIESEL,Manual,Diesel,1,6,52076,10917,139600,698000,Chennai,51.149583218833016
136,2017,Hyundai,Hyundai Verna,1.6 CRDI SX (O) AT,Automatic,Diesel,1,6,76409,13309,174800,874000,Chennai,52.53587797730859
137,2022,Mahindra,Mahindra SCORPIO,Z8 L DIESEL MT 4WD 7 STR,Manual,Diesel,1,1,23444,35784,470000,2350000,Chennai,52.53744690364409
138,2022,Maruti,Maruti Celerio,VXI CNG,Manual,CNG,1,1,10200,10588,135400,677000,Chennai,51.152247827729504
139,2019,Hyundai,Hyundai Verna,1.6 VTVT SX O,Manual,CNG,2,4,61151,14496,190400,952000,Chennai,52.53863134657836
140,2021,Maruti,Maruti S,VXI (O) CNG,Manual,CNG,1,2,18507,8649,110600,553000,Chennai,51.15042201410568
141,2022,Tata,Tata TIGOR,XZ PLUS PETROL,Manual,CNG,1,1,60478,10870,139000,695000,Chennai,51.14995400183992
142,2021,Hyundai,Hyundai AURA,S 1.2 CNG,Manual,CNG,1,2,66390,12356,158000,790000,Chennai,51.14923923599871
143,2022,Tata,Tata Tiago,XT CNG,Manual,CNG,1,1,18551,10573,135200,676000,Chennai,51.14915350420883
144,2014,Honda,Honda City,1.5L I-VTEC VX CVT,Automatic,Petrol,2,9,97088,9415,120400,602000,Chennai,51.152416356877325
145,2012,Toyota,Toyota Etios,G,Manual,Petrol,2,11,121795,4629,59200,296000,Chennai,51.155757182976885
146,2022,Tata,Tata NEXON,XM SUNROOF PETROL,Manual,Petrol,1,1,43474,13552,178000,890000,Chennai,52.5383707201889
147,2019,Maruti,Maruti New,VXI 1.2,Manual,Petrol,1,4,47181,8555,109400,547000,Chennai,51.15137346580947
148,2014,Maruti,Maruti Swift,VXI,Manual,Petrol,1,9,62373,7476,95600,478000,Chennai,51.150347779561265
149,2011,Honda,Honda City,1.5L I-VTEC V MT,Manual,Petrol,1,12,91937,7591,57140,285700,Mumbai,30.1093400079041
150,2018,Datsun,Datsun Go,T,Manual,Petrol,1,5,31316,5490,70200,351000,Mumbai,51.14754098360656
151,2011,Toyota,Toyota Etios,G,Manual,Petrol,1,12,88327,6935,52200,261000,Mumbai,30.10814708002884
152,2012,Honda,Honda City,1.5L I-VTEC E MT,Manual,Petrol,1,11,38595,7795,74000,370000,Mumbai,37.97305965362412
153,2012,Volkswagen,Volkswagen Polo,COMFORTLINE 1.2L PETROL,Manual,Petrol,2,11,94634,5351,50800,254000,Mumbai,37.97421042795739
154,2015,Hyundai,Hyundai Grand,MAGNA 1.2 KAPPA VTVT,Manual,Petrol,1,8,41378,5630,72000,360000,Mumbai,51.15452930728242
155,2016,Hyundai,Hyundai Xcent,SX 1.2,Manual,Petrol,1,7,37571,6741,86200,431000,Mumbai,51.14968105622311
156,2015,Hyundai,Hyundai Grand,ASTA 1.2 KAPPA VTVT,Manual,Petrol,2,8,60162,6475,82800,414000,Mumbai,51.15057915057915
157,2015,Maruti,Maruti Swift,VXI,Manual,Petrol,1,8,110540,7670,86200,431000,Mumbai,44.95436766623207
158,2018,Tata,Tata NEXON,XM PETROL,Manual,Petrol,2,5,25528,9275,118600,593000,Mumbai,51.14824797843666
159,2018,Hyundai,Hyundai NEW,SPORTZ AMT,Automatic,Petrol,1,5,52585,8305,106200,531000,Mumbai,51.14990969295605
160,2010,Maruti,Maruti Alto,VXI,Manual,Petrol,2,13,59489,5498,29200,146000,Mumbai,21.244088759548927
161,2015,Honda,Honda Jazz,1.2L I-VTEC V AT,Automatic,Petrol,1,8,91800,7179,91800,459000,Mumbai,51.149185123276226
162,2018,Renault,Renault Kwid,RXE,Manual,Petrol,1,5,54281,3754,48000,240000,Mumbai,51.145444858817264
163,2019,Hyundai,Hyundai VENUE,SX PLUS 1.0 TURBO DCT,Automatic,Petrol,1,4,40462,15239,200160,1000800,Mumbai,52.53888050397008
164,2017,Tata,Tata Tiago,XZ PETROL,Manual,Petrol,2,6,48059,5677,72600,363000,Mumbai,51.153778404086665
165,2013,Maruti,Maruti Ertiga,VXI,Manual,Petrol,2,10,49082,8702,97800,489000,Mumbai,44.95518271661687
166,2016,Maruti,Maruti Celerio,ZXI,Manual,Petrol,3,7,85307,4692,60000,300000,Mumbai,51.150895140664964
167,2018,Honda,Honda City,1.5L I-VTEC VX CVT,Automatic,Petrol,2,5,59849,12418,158800,794000,Mumbai,51.15155419552263
168,2016,Volkswagen,Volkswagen Ameo,HIGHLINE1.2L,Manual,Petrol,3,7,42048,5990,76600,383000,Mumbai,51.151919866444075
169,2013,Honda,Honda Amaze,1.5L I-DTEC VX,Manual,Diesel,2,10,106457,7816,74200,371000,Mumbai,37.97338792221085
170,2013,Hyundai,Hyundai Verna,FLUIDIC 1.6 EX CRDI AT,Automatic,Diesel,3,10,87172,8300,78800,394000,Mumbai,37.975903614457835
171,2013,Toyota,Toyota Innova,2.5 GX 8 STR,Manual,Diesel,4,10,67882,13041,123800,619000,Mumbai,37.972548117475654
172,2018,Mahindra,Mahindra TUV300,T10,Manual,Diesel,2,5,69726,11496,147000,735000,Mumbai,51.1482254697286
173,2014,Toyota,Toyota Innova,2.5 VX 8 STR,Manual,Diesel,2,9,82310,15498,178200,891000,Mumbai,45.99303135888502
174,2018,Jeep,Jeep Compass,SPORT 2.0 DIESEL,Manual,Diesel,1,5,44754,16202,212800,1064000,Mumbai,52.536723861251694
175,2022,Mahindra,Mahindra Scorpio,S11 2WD,Manual,Diesel,1,1,5705,27226,357600,1788000,Mumbai,52.53801513259384
176,2017,Mahindra,Mahindra Thar,CRDE 4X4 AC,Manual,Diesel,2,6,55082,11714,149800,749000,Mumbai,51.152467133344715
177,2015,Maruti,Maruti Ciaz,ZDI+ SHVS,Manual,Diesel,3,8,116138,8791,98800,494000,Mumbai,44.95506768285747
178,2014,Volkswagen,Volkswagen Polo,GT TDI,Manual,Diesel,2,9,111214,7616,85600,428000,Mumbai,44.95798319327731
179,2013,Maruti,Maruti Ertiga,VDI,Manual,Diesel,1,10,99285,13041,123800,619000,Mumbai,37.972548117475654
180,2015,Maruti,Maruti Swift,ZDI,Manual,Diesel,2,8,30526,8555,109400,547000,Mumbai,51.15137346580947
181,2017,Maruti,Maruti Ertiga,VDI SHVS,Manual,Diesel,1,6,44556,13141,172600,863000,Mumbai,52.53785861045583
182,2015,Honda,Honda City,1.5L I-DTEC SV,Manual,Diesel,3,8,84131,7301,93360,466800,Mumbai,51.14915764963703
183,2013,Honda,Honda Amaze,1.5L I-DTEC EX,Manual,Diesel,2,10,94746,7015,66600,333000,Mumbai,37.97576621525303
184,2017,Hyundai,Hyundai Creta,SX PLUS 1.6 DIESEL,Manual,Diesel,2,6,42736,14725,193400,967000,Mumbai,52.536502546689306
185,2011,Hyundai,Hyundai i20,SPORTZ 1.4 CRDI,Manual,Diesel,2,12,98422,9377,49800,249000,Mumbai,21.24346806014717
186,2017,Skoda,Skoda Rapid,STYLE 1.5 TDI AT,Automatic,Diesel,1,6,103659,11425,128400,642000,Mumbai,44.95404814004377
187,2013,Volkswagen,Volkswagen Vento,HIGHLINE DIESEL 1.6,Manual,Diesel,2,10,94922,7057,67000,335000,Mumbai,37.97647725662463
188,2022,Mahindra,Mahindra Thar,LX D 4WD MT CONVERTIBLE,Manual,Diesel,1,1,9814,23161,304200,1521000,Mumbai,52.53659168429688
189,2011,Honda,Honda City,1.5L I-VTEC S MT,Manual,CNG,2,12,116410,20329,57200,286000,Mumbai,11.254857592601702
190,2018,Maruti,Maruti Wagon,LXI CNG,Manual,CNG,2,5,75535,6569,84000,420000,Mumbai,51.14933779875171
191,2016,Maruti,Maruti Ertiga,VXI CNG,Manual,CNG,1,7,106751,13436,151000,755000,Mumbai,44.95385531408157
192,2014,Maruti,Maruti Wagon,LXI CNG,Manual,CNG,3,9,76560,6088,57800,289000,Mumbai,37.97634691195795
193,2012,Maruti,Maruti Zen,LXI CNG,Manual,CNG,2,11,69120,6967,37000,185000,Mumbai,21.24300272714224
194,2019,Tata,Tata NEXON,XM PETROL,Manual,CNG,3,4,28058,9666,123600,618000,Mumbai,51.148355058969585
195,2016,Maruti,Maruti Ertiga,VXI CNG,Manual,CNG,1,7,98401,11011,140800,704000,Mumbai,51.14885114885115
196,2014,Maruti,Maruti Celerio,VXI CNG,Manual,CNG,3,9,94004,6425,61000,305000,Mumbai,37.976653696498055
197,2014,Maruti,Maruti Wagon,LXI CNG,Manual,CNG,2,9,57238,7921,75200,376000,Mumbai,37.97500315616715
198,2017,Maruti,Maruti Wagon,LXI CNG,Manual,CNG,2,6,92578,5521,70600,353000,Mumbai,51.150153957616375
199,2015,Hyundai,Hyundai i20,1.2 S,Manual,CNG,1,8,45351,9040,101600,508000,Mumbai,44.95575221238938
200,2014,Maruti,Maruti Ertiga,VXI CNG,Manual,CNG,1,9,77604,12472,118400,592000,Mumbai,37.97305965362412
201,2014,Maruti,Maruti Alto,LXI CNG,Manual,CNG,1,9,79188,4824,45800,229000,Mumbai,37.97678275290215
202,2020,Maruti,Maruti S,VXI CNG,Manual,CNG,1,3,71274,6225,79600,398000,Mumbai,51.14859437751004
203,2017,Maruti,Maruti Wagon,LXI CNG,Manual,CNG,1,6,74706,6021,77000,385000,Mumbai,51.154293306759676
204,2021,Maruti,Maruti New,LXI CNG 1.0,Manual,CNG,2,2,32678,9196,117600,588000,Mumbai,51.152675076120055
205,2013,Maruti,Maruti Ertiga,VXI CNG,Manual,CNG,1,10,96431,15199,114400,572000,Mumbai,30.107243897624844
206,2014,Maruti,Maruti Celerio,VXI CNG,Manual,CNG,2,9,103434,7268,69000,345000,Mumbai,37.9746835443038
207,2015,Maruti,Maruti Ciaz,ZXI,Manual,CNG,1,8,49657,10232,115000,575000,Mumbai,44.95699765441751
208,2022,Maruti,Maruti New,LXI CNG 1.0,Manual,CNG,1,1,7978,10260,131200,656000,Mumbai,51.15009746588694
209,2011,Maruti,Maruti Swift,ZXI,Manual,Petrol,1,12,92839,3722,47600,238000,Delhi,51.15529285330467
210,2019,Hyundai,Hyundai Xcent,S 1.2,Manual,Petrol,1,4,50971,7257,92800,464000,Delhi,51.150613201047264
211,2018,Maruti,Maruti Swift,VXI,Manual,Petrol,2,5,91534,8039,102800,514000,Delhi,51.15064062694365
212,2015,Maruti,Maruti Alto,LXI,Manual,Petrol,3,8,35843,3660,46800,234000,Delhi,51.14754098360656
213,2019,Maruti,Maruti Baleno,DELTA PETROL 1.2,Manual,Petrol,1,4,97494,7367,94200,471000,Delhi,51.14700692276367
214,2014,Maruti,Maruti Wagon,VXI,Manual,Petrol,1,9,97752,4583,58600,293000,Delhi,51.14553785729871
215,2019,Toyota,Toyota Glanza,V CVT,Automatic,Petrol,1,4,37778,12152,155400,777000,Delhi,51.1520737327189
216,2014,Maruti,Maruti Wagon,VXI,Manual,Petrol,2,9,79204,3894,49800,249000,Delhi,51.15562403697997
217,2010,Maruti,Maruti Wagon,VXI,Manual,Petrol,2,13,61569,2831,36200,181000,Delhi,51.14800423878488
218,2019,Honda,Honda Amaze,1.2L I-VTEC S,Manual,Petrol,1,4,37783,9916,126800,634000,Delhi,51.14965711980637
219,2019,Maruti,Maruti Alto,LXI,Manual,Petrol,1,4,18475,5318,68000,340000,Delhi,51.14704776231666
220,2020,Maruti,Maruti Swift,LXI,Manual,Petrol,2,3,44817,8227,105200,526000,Delhi,51.14865686155342
221,2021,Renault,Renault Kiger,RXZ MT DUAL TONE,Manual,Petrol,1,2,45459,10620,135800,679000,Delhi,51.14877589453861
222,2014,Maruti,Maruti Alto,VXI,Manual,Petrol,1,9,47899,3801,48600,243000,Delhi,51.14443567482242
223,2018,Maruti,Maruti Swift,VXI,Manual,Petrol,1,5,34966,8805,112600,563000,Delhi,51.15275411697899
224,2016,Maruti,Maruti Alto,LXI,Manual,Petrol,1,7,89634,3816,48800,244000,Delhi,51.15303983228512
225,2014,Maruti,Maruti Alto,LXI,Manual,Petrol,1,9,102337,3503,44800,224000,Delhi,51.15615186982586
226,2016,Maruti,Maruti Alto,VXI,Manual,Petrol,1,7,32031,4583,58600,293000,Delhi,51.14553785729871
227,2017,Hyundai,Hyundai Elite,SPORTZ 1.2,Manual,Petrol,1,6,81711,8915,114000,570000,Delhi,51.14974761637689
228,2019,Maruti,Maruti Celerio,ZXI (O),Manual,Petrol,1,4,54711,7398,94600,473000,Delhi,51.14895917815626
229,2019,Maruti,Maruti Vitara,VDI,Manual,Diesel,1,4,55523,12182,160000,800000,Delhi,52.53652930553275
230,2015,Maruti,Maruti Swift,VDI ABS,Manual,Diesel,1,8,117499,5881,75200,376000,Delhi,51.147763985716715
231,2019,Maruti,Maruti Vitara,VDI,Manual,Diesel,1,4,50767,12231,156400,782000,Delhi,51.148720464393755
232,2018,Ford,Ford Ecosport,TITANIUM 1.5L DIESEL,Manual,Diesel,1,5,79371,9838,125800,629000,Delhi,51.14860744053669
233,2018,Maruti,Maruti Swift,VDI,Manual,Diesel,1,5,66434,9368,119800,599000,Delhi,51.152860802732704
234,2019,Maruti,Maruti Ciaz,ALPHA DIESEL 1.5,Manual,Diesel,3,4,92089,12465,159400,797000,Delhi,51.15122342559166
235,2019,Maruti,Maruti Dzire,VDI,Manual,Diesel,1,4,84217,9775,125000,625000,Delhi,51.150895140664964
236,2018,Maruti,Maruti Vitara,VDI,Manual,Diesel,1,5,99561,10667,136400,682000,Delhi,51.14840161244961
237,2018,Ford,Ford Ecosport,TITANIUM 1.5L DIESEL,Manual,Diesel,1,5,99668,9963,127400,637000,Delhi,51.14925223326307
238,2014,Maruti,Maruti Swift,VDI,Manual,Diesel,3,9,68744,4989,63800,319000,Delhi,51.1525355782722
239,2020,Honda,Honda WR,1.5 i-DTEC VX MT,Manual,Diesel,1,3,61360,12897,169400,847000,Delhi,52.539350236489106
240,2020,Hyundai,Hyundai Verna,S PLUS 1.5 CRDI,Manual,Diesel,1,3,47741,14862,195200,976000,Delhi,52.53667070380837
241,2019,Toyota,Toyota Fortuner,2.8 4X2 MT,Manual,Diesel,1,4,93293,41114,540000,2700000,Delhi,52.53684876197889
242,2018,Toyota,Toyota Innova,2.8 ZX AT 7 STR,Automatic,Diesel,1,5,53294,27729,364200,1821000,Delhi,52.53705506870064
243,2019,Hyundai,Hyundai Elite,MAGNA PLUS 1.4 CRDI,Manual,Diesel,1,4,78471,9494,121400,607000,Delhi,51.14809353275753
244,2019,Volkswagen,Volkswagen Vento,HIGHLINE DIESEL,Manual,Diesel,1,4,52858,12700,166800,834000,Delhi,52.53543307086614
245,2020,Hyundai,Hyundai Creta,SX 1.5 DIESEL,Manual,Diesel,2,3,36272,20070,263600,1318000,Delhi,52.536123567513705
246,2020,KIA,KIA SELTOS,HTX PLUS AT1.5 DIESEL,Automatic,Diesel,1,3,99403,19795,260000,1300000,Delhi,52.53851982823945
247,2019,Hyundai,Hyundai Verna,1.4 EX CRDI,Manual,Diesel,2,4,78366,12184,155800,779000,Delhi,51.149047931713724
248,2018,Skoda,Skoda Rapid,STYLE 1.5 TDI AT,Automatic,Diesel,1,5,73603,11746,150200,751000,Delhi,51.149327430614676
249,2018,Maruti,Maruti Wagon,LXI,Manual,CNG,1,5,67492,5834,74600,373000,Delhi,51.14844017826534
250,2017,Maruti,Maruti Wagon,LXI CNG,Manual,CNG,1,6,71802,5693,72800,364000,Delhi,51.150535745652554
251,2020,Hyundai,Hyundai AURA,S 1.2 CNG,Manual,CNG,2,3,67853,10448,133600,668000,Delhi,51.14854517611026
252,2019,Honda,Honda Amaze,1.2L I-VTEC S,Manual,CNG,1,4,43184,9947,127200,636000,Delhi,51.15110083442244
253,2019,Maruti,Maruti New,LXI CNG 1.0,Manual,CNG,1,4,48404,7210,92200,461000,Delhi,51.15117891816921
254,2018,Maruti,Maruti Celerio,ZXI,Manual,CNG,1,5,84043,6240,79800,399000,Delhi,51.15384615384615
255,2019,Honda,Honda Amaze,1.2L I-VTEC V,Manual,CNG,1,4,67773,9447,120800,604000,Delhi,51.148512755372074
256,2019,Toyota,Toyota Etios,V DUAL TONE,Manual,CNG,1,4,82515,7914,101200,506000,Delhi,51.14986100581248
257,2020,Maruti,Maruti New,LXI CNG 1.0,Manual,CNG,1,3,76171,7585,97000,485000,Delhi,51.15359261700725
258,2017,Maruti,Maruti Celerio,VXI,Manual,CNG,3,6,93026,5537,70800,354000,Delhi,51.14683041358136
259,2019,Maruti,Maruti Celerio,VXI (O) CNG,Manual,CNG,1,4,112479,7163,91600,458000,Delhi,51.15175205919308
260,2021,Maruti,Maruti New,LXI CNG 1.0,Manual,CNG,1,2,77064,7992,102200,511000,Delhi,51.151151151151154
261,2021,Maruti,Maruti S,VXI CNG,Manual,CNG,1,2,58737,6866,87800,439000,Delhi,51.15059714535392
262,2021,Hyundai,Hyundai AURA,S 1.2 CNG,Manual,CNG,1,2,47673,11746,150200,751000,Delhi,51.149327430614676
263,2011,Maruti,Maruti Wagon,LXI CNG,Manual,CNG,2,12,49855,3206,41000,205000,Delhi,51.1540860885839
264,2011,Maruti,Maruti Zen,LXI CNG,Manual,CNG,1,12,94270,2800,35800,179000,Delhi,51.142857142857146
265,2018,Datsun,Datsun Redi,A,Manual,CNG,2,5,67155,3722,47600,238000,Delhi,51.15529285330467
266,2022,Hyundai,Hyundai GRAND,SPORTZ 1.2 KAPPA VTVT CNG,Manual,CNG,1,1,32874,10662,136340,681700,Delhi,51.14987807165635
267,2013,Maruti,Maruti Ertiga,VXI CNG,Manual,CNG,1,10,97093,8758,112000,560000,Delhi,51.15323133135419
268,2018,Maruti,Maruti Alto,LXI CNG,Manual,CNG,1,5,68588,4974,63600,318000,Delhi,51.145958986731
269,2015,Maruti,Maruti Alto,LXI,Manual,Petrol,1,8,38595,3331,42600,213000,Kolkata,51.15580906634644
270,2016,Maruti,Maruti Alto,LXI,Manual,Petrol,1,7,27186,4176,53400,267000,Kolkata,51.14942528735632
271,2015,Maruti,Maruti Alto,LXI,Manual,Petrol,1,8,11633,3785,48400,242000,Kolkata,51.14927344782034
272,2017,Honda,Honda City,1.5L I-VTEC V MT,Manual,Petrol,2,6,50284,9791,125200,626000,Kolkata,51.14901440098049
273,2018,Honda,Honda Amaze,1.2L I-VTEC VX,Manual,Petrol,2,5,40837,9603,122800,614000,Kolkata,51.15068207851713
274,2011,Maruti,Maruti Alto,LXI,Manual,Petrol,1,12,42792,2033,26000,130000,Kolkata,51.155927201180525
275,2015,Maruti,Maruti Baleno,DELTA PETROL 1.2,Manual,Petrol,1,8,75441,6084,77800,389000,Kolkata,51.15055884286654
276,2015,Hyundai,Hyundai Eon,D-LITE+,Manual,Petrol,1,8,19090,2987,38200,191000,Kolkata,51.155005021760964
277,2015,Maruti,Maruti Baleno,ALPHA PETROL 1.2,Manual,Petrol,1,8,64619,7382,94400,472000,Kolkata,51.15144947168789
278,2019,Maruti,Maruti Baleno,ZETA PETROL 1.2,Manual,Petrol,1,4,40583,9650,123400,617000,Kolkata,51.15025906735751
279,2010,Hyundai,Hyundai i20,MAGNA 1.2,Manual,Petrol,1,13,87845,2893,37000,185000,Kolkata,51.15796750777739
280,2015,Hyundai,Hyundai Elite,ASTA 1.2,Manual,Petrol,1,8,75208,6944,88800,444000,Kolkata,51.1520737327189
281,2018,Maruti,Maruti Baleno,ALPHA PETROL 1.2,Manual,Petrol,1,5,59871,8977,114800,574000,Kolkata,51.152946418625376
282,2010,Maruti,Maruti Swift,LXI,Manual,Petrol,2,13,71156,2502,32000,160000,Kolkata,51.159072741806554
283,2019,Ford,Ford Ecosport,TREND 1.5L PETROL,Manual,Petrol,1,4,16817,9275,118600,593000,Kolkata,51.14824797843666
284,2016,Honda,Honda BR,1.5L I-VTEC S,Manual,Petrol,1,7,35254,7804,99800,499000,Kolkata,51.15325474115838
285,2019,Hyundai,Hyundai Grand,MAGNA 1.2 KAPPA VTVT,Manual,Petrol,1,4,26464,6882,88000,440000,Kolkata,51.14792211566405
286,2020,Hyundai,Hyundai GRAND,SPORTZ AMT 1.2 KAPPA VTVT,Automatic,Petrol,1,3,10012,11042,141200,706000,Kolkata,51.150153957616375
287,2010,Maruti,Maruti A,LXI,Manual,Petrol,1,13,54501,2111,27000,135000,Kolkata,51.160587399336805
288,2016,Maruti,Maruti Alto,LXI,Manual,Petrol,1,7,36270,3269,41800,209000,Kolkata,51.147139798103396
289,2022,Mahindra,Mahindra BOLERO,N 8,Manual,Diesel,1,1,11170,14116,185400,927000,Kolkata,52.53612921507509
290,2015,Volkswagen,Volkswagen Polo,HIGHLINE1.5L,Manual,Diesel,2,8,102789,4567,58400,292000,Kolkata,51.14955112765492
291,2014,Honda,Honda City,1.5L I-DTEC SV,Manual,Diesel,1,9,102813,5427,69400,347000,Kolkata,51.15164916159941
292,2017,Tata,Tata Tiago,XM DIESEL,Manual,Diesel,1,6,48548,4770,61000,305000,Kolkata,51.15303983228512
293,2015,Renault,Renault Duster,110 PS RXZ DIESEL (OPT),Manual,Diesel,2,8,86080,6084,77800,389000,Kolkata,51.15055884286654
294,2018,Ford,Ford Ecosport,TITANIUM 1.5L SPORTS(SUNROOF) DIESEL,Manual,Diesel,2,5,78113,10463,133800,669000,Kolkata,51.15167733919526
295,2015,Hyundai,Hyundai Xcent,BASE 1.1,Manual,Diesel,3,8,103033,3957,50600,253000,Kolkata,51.14986100581248
296,2017,Maruti,Maruti Baleno,DELTA DIESEL 1.3,Manual,Diesel,1,6,61980,7054,90200,451000,Kolkata,51.148284661185144
297,2021,KIA,KIA SONET,HTE 1.5,Manual,Diesel,1,2,26505,12246,156600,783000,Kolkata,51.15139637432631
298,2018,Mahindra,Mahindra XUV500,W5,Manual,Diesel,1,5,96878,12700,166800,834000,Kolkata,52.53543307086614
299,2016,Hyundai,Hyundai Verna,1.6 CRDI SX,Manual,Diesel,1,7,32007,9009,115200,576000,Kolkata,51.14885114885115
300,2019,Tata,Tata Tiago,XM DIESEL,Manual,Diesel,1,4,35912,5458,69800,349000,Kolkata,51.15426896299011
301,2019,Mahindra,Mahindra XUV500,W11,Manual,Diesel,2,4,83508,16385,215200,1076000,Kolkata,52.5358559658224
302,2020,Hyundai,Hyundai VENUE,SX 1.5 CRDI,Manual,Diesel,1,3,44509,12760,167600,838000,Kolkata,52.539184952978054
303,2014,Honda,Honda Amaze,1.5L I-DTEC S,Manual,Diesel,1,9,99103,4160,53200,266000,Kolkata,51.15384615384615
304,2019,Skoda,Skoda Rapid,AMBITION 1.5 TDI AT,Automatic,Diesel,1,4,37243,11793,150800,754000,Kolkata,51.148986687017725
305,2013,Maruti,Maruti Swift,VDI,Manual,Diesel,1,10,92271,4473,57200,286000,Kolkata,51.151352559803264
306,2019,Mahindra,Mahindra XUV,W4 1.5 DIESEL,Manual,Diesel,1,4,33060,10792,138000,690000,Kolkata,51.148999258710155
307,2021,KIA,KIA SONET,HTX 1.5,Manual,Diesel,1,2,27218,14496,190400,952000,Kolkata,52.53863134657836
308,2021,Mahindra,Mahindra XUV500,W5,Manual,Diesel,1,2,31635,16598,218000,1090000,Kolkata,52.536450174719846
309,2015,Maruti,Maruti Alto,LXI,Manual,Petrol,1,8,38595,3331,42600,213000,Kolkata,51.15580906634644
310,2016,Maruti,Maruti Alto,LXI,Manual,Petrol,1,7,27186,4176,53400,267000,Kolkata,51.14942528735632
311,2015,Maruti,Maruti Alto,LXI,Manual,Petrol,1,8,11633,3785,48400,242000,Kolkata,51.14927344782034
312,2017,Honda,Honda City,1.5L I-VTEC V MT,Manual,Petrol,2,6,50284,9791,125200,626000,Kolkata,51.14901440098049
313,2018,Honda,Honda Amaze,1.2L I-VTEC VX,Manual,Petrol,2,5,40837,9603,122800,614000,Kolkata,51.15068207851713
314,2022,Maruti,Maruti New,VXI CNG 1.0,Manual,CNG,1,1,5870,10104,129200,646000,Kolkata,51.14806017418844
315,2022,Tata,Tata TIGOR,XZ PLUS CNG,Manual,CNG,1,1,13145,11542,147600,738000,Kolkata,51.15231329059088
316,2022,Maruti,Maruti Celerio,VXI CNG,Manual,CNG,1,1,19907,8931,114200,571000,Kolkata,51.147687828910534
317,2022,Tata,Tata Tiago,XZ PLUS CNG,Manual,CNG,1,1,5198,11136,142400,712000,Kolkata,51.14942528735632
318,2022,Tata,Tata Tiago,XT CNG,Manual,CNG,1,1,29370,10510,134400,672000,Kolkata,51.15128449096099
319,2015,Maruti,Maruti Alto,LXI,Manual,Petrol,1,8,38595,3331,42600,213000,Kolkata,51.15580906634644
320,2016,Maruti,Maruti Alto,LXI,Manual,Petrol,1,7,27186,4176,53400,267000,Kolkata,51.14942528735632
321,2015,Maruti,Maruti Alto,LXI,Manual,Petrol,1,8,11633,3785,48400,242000,Kolkata,51.14927344782034
322,2017,Honda,Honda City,1.5L I-VTEC V MT,Manual,Petrol,2,6,50284,9791,125200,626000,Kolkata,51.14901440098049
323,2018,Honda,Honda Amaze,1.2L I-VTEC VX,Manual,Petrol,2,5,40837,9603,122800,614000,Kolkata,51.15068207851713
324,2012,Hyundai,Hyundai i20,MAGNA (O) 1.2,Manual,Petrol,2,11,44933,4098,52400,262000,Nashik,51.1469009272816
325,2013,Honda,Honda Amaze,1.2L I-VTEC S,Manual,Petrol,2,10,61999,4473,57200,286000,Nashik,51.151352559803264
326,2016,Tata,Tata Tiago,XT PETROL,Manual,Petrol,1,7,51816,5787,74000,370000,Nashik,51.14912735441507
327,2019,Hyundai,Hyundai Elite,SPORTZ PLUS 1.2,Manual,Petrol,1,4,25225,11855,151600,758000,Nashik,51.151412905946856
328,2012,Maruti,Maruti Wagon,VXI,Manual,Petrol,2,11,96900,3754,48000,240000,Nashik,51.145444858817264
329,2013,Honda,Honda Brio,S MT,Manual,Petrol,2,10,35781,3754,48000,240000,Nashik,51.145444858817264
330,2016,Renault,Renault Kwid,RXT 0.8,Manual,Petrol,1,7,84647,3801,48600,243000,Nashik,51.14443567482242
331,2014,Maruti,Maruti Celerio,ZXI (O),Manual,Petrol,1,9,95988,5573,71270,356350,Nashik,51.153777139781084
332,2019,Maruti,Maruti S,VXI PLUS AMT,Automatic,Petrol,1,4,20346,8493,108600,543000,Nashik,51.14800423878488
333,2014,Ford,Ford Ecosport,TITANIUM 1.0L ECOBOOST,Manual,Petrol,1,9,80576,7116,91000,455000,Nashik,51.15233277121979
334,2012,Maruti,Maruti Wagon,LXI,Manual,Petrol,3,11,80563,3738,47800,239000,Nashik,51.150347779561265
335,2017,Maruti,Maruti Swift,VXI,Manual,Petrol,2,6,79070,6983,89300,446500,Nashik,51.152799656308176
336,2017,Skoda,Skoda Rapid,STYLE 1.6 MPI,Manual,Petrol,1,6,57583,10870,139000,695000,Nashik,51.14995400183992
337,2017,Maruti,Maruti Dzire,VXI AMT,Automatic,Petrol,1,6,88651,8274,105800,529000,Nashik,51.148175006043026
338,2016,Maruti,Maruti Alto,LXI,Manual,Petrol,1,7,68709,4520,57800,289000,Nashik,51.150442477876105
339,2019,Renault,Renault Kwid,RXT 0.8 (O),Manual,Petrol,1,4,49884,5239,67000,335000,Nashik,51.15480053445314
340,2018,Volkswagen,Volkswagen Polo,HIGHLINE PLUS 1.0 16 ALLOY,Manual,Petrol,1,5,98480,8696,111200,556000,Nashik,51.14995400183992
341,2015,Honda,Honda Amaze,1.2L I-VTEC S AT,Automatic,Petrol,2,8,26999,7257,92800,464000,Nashik,51.150613201047264
342,2019,Maruti,Maruti New,VXI 1.0,Manual,Petrol,1,4,58836,7914,101200,506000,Nashik,51.14986100581248
343,2019,Hyundai,Hyundai Elite,MAGNA PLUS 1.2,Manual,Petrol,2,4,39909,10197,130400,652000,Nashik,51.152299695989015
344,2013,Volkswagen,Volkswagen Vento,HIGHLINE DIESEL 1.6,Manual,Diesel,2,10,110430,4332,55400,277000,Nashik,51.154201292705444
345,2018,Mahindra,Mahindra TUV300,T8,Manual,Diesel,2,5,94011,11417,146000,730000,Nashik,51.151791188578436
346,2016,Hyundai,Hyundai Verna,1.6 CRDI SX,Manual,Diesel,2,7,57406,10354,132400,662000,Nashik,51.149314274676456
347,2018,Maruti,Maruti Dzire,VDI,Manual,Diesel,1,5,57457,10760,137600,688000,Nashik,51.152416356877325
348,2020,MG,MG HECTOR,SMART 2.0 DIESEL,Manual,Diesel,1,3,52703,23008,302200,1511000,Nashik,52.53824756606398
349,2017,Maruti,Maruti Vitara,LDI (O),Manual,Diesel,1,6,62590,11167,142800,714000,Nashik,51.15071191904719
350,2018,Maruti,Maruti Dzire,ZDI AMT,Automatic,Diesel,1,5,106929,10729,137200,686000,Nashik,51.15108584211017
351,2016,Volkswagen,Volkswagen Vento,HIGHLINE PLUS 1.5 AT 16 ALLOY,Automatic,Diesel,2,7,56893,11370,145400,727000,Nashik,51.152154793315745
352,2017,Nissan,Nissan Terrano,XV D PREMIUM AMT,Automatic,Diesel,2,6,97904,10401,133000,665000,Nashik,51.14892798769349
353,2018,Maruti,Maruti Dzire,VDI,Manual,Diesel,1,5,49718,12168,155600,778000,Nashik,51.15055884286654
354,2017,Ford,Ford Ecosport,TITANIUM 1.5L DIESEL,Manual,Diesel,1,6,95150,11105,142000,710000,Nashik,51.14813147230977
355,2016,Ford,Ford Ecosport,TITANIUM+ 1.5L DIESEL,Manual,Diesel,1,7,122112,8821,112800,564000,Nashik,51.1506631901145
356,2012,Hyundai,Hyundai i20,MAGNA (O) 1.2,Manual,Petrol,2,11,44933,4098,52400,262000,Nashik,51.1469009272816
357,2013,Honda,Honda Amaze,1.2L I-VTEC S,Manual,Petrol,2,10,61999,4473,57200,286000,Nashik,51.151352559803264
358,2016,Tata,Tata Tiago,XT PETROL,Manual,Petrol,1,7,51816,5787,74000,370000,Nashik,51.14912735441507
359,2019,Hyundai,Hyundai Elite,SPORTZ PLUS 1.2,Manual,Petrol,1,4,25225,11855,151600,758000,Nashik,51.151412905946856
360,2012,Maruti,Maruti Wagon,VXI,Manual,Petrol,2,11,96900,3754,48000,240000,Nashik,51.145444858817264
361,2018,Maruti,Maruti Wagon,LXI CNG,Manual,CNG,1,5,92055,5990,76600,383000,Nashik,51.151919866444075
362,2018,Maruti,Maruti Wagon,LXI CNG,Manual,CNG,1,5,78901,6100,78000,390000,Nashik,51.14754098360656
363,2019,Renault,Renault Kwid,RXL,Manual,CNG,1,4,74212,5396,69000,345000,Nashik,51.148999258710155
364,2014,Maruti,Maruti Celerio,VXI CNG,Manual,CNG,1,9,90442,6303,80600,403000,Nashik,51.15024591464382
365,2018,Maruti,Maruti Celerio,VXI (O) CNG,Manual,CNG,1,5,57068,9149,117000,585000,Nashik,51.15313148978031
366,2015,Maruti,Maruti Alto,LXI CNG,Manual,CNG,3,8,75512,3910,50000,250000,Nashik,51.150895140664964
367,2012,Hyundai,Hyundai i20,MAGNA (O) 1.2,Manual,Petrol,2,11,44933,4098,52400,262000,Nashik,51.1469009272816
368,2013,Honda,Honda Amaze,1.2L I-VTEC S,Manual,Petrol,2,10,61999,4473,57200,286000,Nashik,51.151352559803264
369,2016,Tata,Tata Tiago,XT PETROL,Manual,Petrol,1,7,51816,5787,74000,370000,Nashik,51.14912735441507
370,2019,Hyundai,Hyundai Elite,SPORTZ PLUS 1.2,Manual,Petrol,1,4,25225,11855,151600,758000,Nashik,51.151412905946856
371,2012,Maruti,Maruti Wagon,VXI,Manual,Petrol,2,11,96900,3754,48000,240000,Nashik,51.145444858817264
372,2015,Maruti,Maruti Swift,VXI,Manual,Petrol,2,8,68094,7445,95200,476000,Coimbatore,51.148421759570184
373,2015,Maruti,Maruti Baleno,DELTA PETROL 1.2,Manual,Petrol,1,8,48018,9400,120200,601000,Coimbatore,51.148936170212764
374,2018,Tata,Tata NEXON,XT PETROL,Manual,Petrol,1,5,53039,9853,126000,630000,Coimbatore,51.15193342129301
375,2013,Maruti,Maruti Alto,LXI,Manual,Petrol,2,10,78476,3668,46900,234500,Coimbatore,51.14503816793893
376,2019,Datsun,Datsun Go,T,Manual,Petrol,1,4,18689,7664,98000,490000,Coimbatore,51.1482254697286
377,2018,Tata,Tata Tiago,XE PETROL,Manual,Petrol,2,5,25429,6538,83600,418000,Coimbatore,51.147139798103396
378,2017,Maruti,Maruti Baleno,ZETA CVT PETROL 1.2,Automatic,Petrol,1,6,44254,9275,118600,593000,Coimbatore,51.14824797843666
379,2017,Maruti,Maruti Baleno,ZETA CVT PETROL 1.2,Automatic,Petrol,1,6,65575,10135,129600,648000,Coimbatore,51.14948199309324
380,2018,Maruti,Maruti Alto,VXI (O),Manual,Petrol,2,5,43447,5677,72600,363000,Coimbatore,51.153778404086665
381,2017,Honda,Honda City,1.5L I-VTEC V MT,Manual,Petrol,2,6,106831,10432,133400,667000,Coimbatore,51.15030674846626
382,2016,Maruti,Maruti Baleno,ZETA CVT PETROL 1.2,Automatic,Petrol,1,7,71475,9681,123800,619000,Coimbatore,51.15174052267328
383,2018,Renault,Renault Kwid,RXT 1.0,Manual,Petrol,1,5,80003,5443,69600,348000,Coimbatore,51.14826382509646
384,2020,Ford,Ford Ecosport,TREND 1.5L PETROL,Manual,Petrol,1,3,26364,10072,128800,644000,Coimbatore,51.151707704527404
385,2015,Maruti,Maruti Celerio,VXI,Manual,Petrol,1,8,114529,5552,71000,355000,Coimbatore,51.152737752161386
386,2017,Maruti,Maruti Dzire,VXI AMT,Automatic,Petrol,2,6,33550,9619,123000,615000,Coimbatore,51.14876806320823
387,2021,Renault,Renault TRIBER,RXL AMT,Automatic,Petrol,1,2,23932,9931,127000,635000,Coimbatore,51.15295539220622
388,2017,Honda,Honda Jazz,1.2L I-VTEC V AT,Automatic,Petrol,2,6,35266,8430,107800,539000,Coimbatore,51.15065243179122
389,2020,MG,MG HECTOR,SHARP 1.5 PETROL TURBO HYBRID MT 6-STR,Manual,Petrol,1,3,24457,27653,363200,1816000,Coimbatore,52.53679528441761
390,2018,Datsun,Datsun Go,T,Manual,Petrol,1,5,10216,6491,83000,415000,Coimbatore,51.14774302880912
391,2021,Skoda,Skoda Rapid,AMBITION TSI,Manual,Petrol,1,2,39753,13507,177400,887000,Coimbatore,52.53572221810913
392,2020,KIA,KIA SONET,GTX PLUS 1.5D  AT,Automatic,Diesel,1,3,56172,17648,231800,1159000,Coimbatore,52.538531278331824
393,2022,KIA,KIA SONET,HTX PLUS 1.5,Manual,Diesel,1,1,11647,19323,253800,1269000,Coimbatore,52.53842571029343
394,2021,Hyundai,Hyundai Creta,SX (O) AT 1.5 DIESEL,Automatic,Diesel,2,2,108294,22064,289800,1449000,Coimbatore,52.53807106598985
395,2018,Maruti,Maruti Vitara,ZDI PLUS,Manual,Diesel,1,5,105318,12074,154400,772000,Coimbatore,51.15123405665065
396,2019,Mahindra,Mahindra XUV,W8 1.5 DIESEL,Manual,Diesel,1,4,45231,16339,214600,1073000,Coimbatore,52.53687496174796
397,2018,Ford,Ford Ecosport,TITANIUM 1.5L SIGNATURE EDITION (SUNROOF) DIESEL,Manual,Diesel,1,5,84335,12623,165800,829000,Coimbatore,52.53901608175553
398,2017,Ford,Ford Ecosport,TITANIUM 1.5L DIESEL,Manual,Diesel,1,6,100055,9994,127800,639000,Coimbatore,51.15069041424855
399,2022,Honda,Honda Amaze,1.5L I-DTEC VX,Manual,Diesel,1,1,46109,15349,201600,1008000,Coimbatore,52.537624600951204
400,2019,Mahindra,Mahindra XUV,W8 (O) 1.5 DIESEL AMT,Automatic,Diesel,1,4,120880,14770,194000,970000,Coimbatore,52.538930264048744
401,2018,Ford,Ford Ecosport,TITANIUM 1.5L DIESEL,Manual,Diesel,1,5,77744,12867,169000,845000,Coimbatore,52.537499028522575
402,2018,Mahindra,Mahindra XUV500,W7,Manual,Diesel,2,5,38047,17983,236200,1181000,Coimbatore,52.53850859144748
403,2018,Hyundai,Hyundai Verna,1.6 CRDI SX + AT,Automatic,Diesel,1,5,97455,14588,191600,958000,Coimbatore,52.53633123114889
404,2022,Tata,Tata ALTROZ,XE PLUS DIESEL,Manual,Diesel,1,1,78827,10870,139000,695000,Coimbatore,51.14995400183992
405,2016,Maruti,Maruti Swift,VDI ABS,Manual,Diesel,1,7,47383,9400,120200,601000,Coimbatore,51.148936170212764
406,2016,Maruti,Maruti Swift,VDI ABS,Manual,Diesel,2,7,53917,8430,107800,539000,Coimbatore,51.15065243179122
407,2019,Honda,Honda Amaze,1.5L I-DTEC S,Manual,Diesel,1,4,86493,10964,140200,701000,Coimbatore,51.14921561473915
408,2019,Ford,Ford FREESTYLE,TITANIUM 1.5 DIESEL,Manual,Diesel,1,4,40434,9275,118600,593000,Coimbatore,51.14824797843666
409,2022,Tata,Tata Safari,XZA PLUS 6S KAZIRANGA,Automatic,Diesel,1,1,53966,31688,416200,2081000,Coimbatore,52.537238071194146
410,2015,Maruti,Maruti Swift,VXI,Manual,Petrol,2,8,68094,7445,95200,476000,Coimbatore,51.148421759570184
411,2015,Maruti,Maruti Baleno,DELTA PETROL 1.2,Manual,Petrol,1,8,48018,9400,120200,601000,Coimbatore,51.148936170212764
412,2018,Tata,Tata NEXON,XT PETROL,Manual,Petrol,1,5,53039,9853,126000,630000,Coimbatore,51.15193342129301
413,2013,Maruti,Maruti Alto,LXI,Manual,Petrol,2,10,78476,3668,46900,234500,Coimbatore,51.14503816793893
414,2019,Datsun,Datsun Go,T,Manual,Petrol,1,4,18689,7664,98000,490000,Coimbatore,51.1482254697286
415,2022,Tata,Tata Tiago,XZ PLUS CNG DUAL TONE,Manual,CNG,1,1,22136,10792,138000,690000,Coimbatore,51.148999258710155
416,2015,Maruti,Maruti Swift,VXI,Manual,Petrol,2,8,68094,7445,95200,476000,Coimbatore,51.148421759570184
417,2015,Maruti,Maruti Baleno,DELTA PETROL 1.2,Manual,Petrol,1,8,48018,9400,120200,601000,Coimbatore,51.148936170212764
418,2018,Tata,Tata NEXON,XT PETROL,Manual,Petrol,1,5,53039,9853,126000,630000,Coimbatore,51.15193342129301
419,2013,Maruti,Maruti Alto,LXI,Manual,Petrol,2,10,78476,3668,46900,234500,Coimbatore,51.14503816793893
420,2019,Datsun,Datsun Go,T,Manual,Petrol,1,4,18689,7664,98000,490000,Coimbatore,51.1482254697286
